<?xml version="1.0" encoding="UTF-8"?>
<!DOCTYPE section PUBLIC "-//OASIS//DTD DocBook XML V4.5//EN" "http://www.oasis-open.org/docbook/xml/4.5/docbookx.dtd" [
 <!ENTITY % BOOK_ENTITIES SYSTEM "Admin_Guide.ent">
]>
<section id="admin.config.bugnote">
	<title>Bugnote</title>

	<variablelist>
		<varlistentry>
			<term>$g_bugnote_order</term>
			<listitem>
				<para>Order to use for sorting bugnotes by submit date. Possible
					values include ASC for ascending and DESC for descending order. The
					default value is ASC.
				</para>
			</listitem>
		</varlistentry>
	</variablelist>

</section>
