<?xml version="1.0" encoding="UTF-8"?>
<!DOCTYPE section PUBLIC "-//OASIS//DTD DocBook XML V4.5//EN" "http://www.oasis-open.org/docbook/xml/4.5/docbookx.dtd" [
 <!ENTITY % BOOK_ENTITIES SYSTEM "Admin_Guide.ent">
]>
<section id="admin.config.date">
	<title>Date</title>

	<para>These variables control how the date is displayed. The default is
		<ulink url="https://en.wikipedia.org/wiki/ISO_8601">ISO 8601</ulink>
		formatting.
	</para>
	<para>Please refer to the
		<ulink url="http://www.php.net/manual/en/function.date.php#refsect1-function.date-parameters">
			PHP manual
		</ulink> for details on available formatting options.
	</para>

	<variablelist>
		<varlistentry>
			<term>$g_short_date_format</term>
			<listitem>
				<para>This format is used in the bug listing pages (eg: View
					Bugs).
					Default is <literal>Y-m-d</literal>.
				</para>
			</listitem>
		</varlistentry>
		<varlistentry>
			<term>$g_normal_date_format</term>
			<listitem>
				<para>This format is used in the view/update bug pages, bug notes,
					manage section, and news section.
					Default is <literal>Y-m-d H:i</literal>.
				</para>
			</listitem>
		</varlistentry>
		<varlistentry>
			<term>$g_complete_date_format</term>
			<listitem>
				<para>This format is used on the top of each page (current time)
					and the emails that are sent out.
					Default is <literal>Y-m-d H:i T</literal>.
				</para>
			</listitem>
		</varlistentry>
		<varlistentry>
			<term>$g_datetime_picker_format</term>
			<listitem>
				<para>This format is used with the datetime picker widget.
					Default is <literal>Y-MM-DD HH:mm</literal>.
				</para>
				<note><para>The formatting convention for the DateTime picker is
					different from the one used for the other date settings
					described above; see
					<ulink url="http://momentjs.com/docs/#/displaying/format/">
						Moment.js documentation
					</ulink>
					for details.
				</para></note>
				<warning><para>This format needs to match the one defined in
					<emphasis>$g_normal_date_format</emphasis>.
					Inconsistencies between these two settings, e.g. using
					different date ordering (DMY, MDY or YMD) or displaying the
					month as a number vs a word or abbreviation,
					may result in unexpected behavior such as an invalid
					interpretation of the date by the DateTime picker widget,
					or errors trying to save a modified date.
				</para></warning>
			</listitem>
		</varlistentry>
	</variablelist>

</section>
