<?xml version="1.0" encoding="UTF-8"?>
<!DOCTYPE section PUBLIC "-//OASIS//DTD DocBook XML V4.5//EN" "http://www.oasis-open.org/docbook/xml/4.5/docbookx.dtd" [
 <!ENTITY % BOOK_ENTITIES SYSTEM "Admin_Guide.ent">
]>
<section id="admin.config.path">
	<title>Path</title>

	<para>These path settings are important for proper linking within
		MantisBT. In most scenarios the default values should work fine, and
		you should not need to override them.
	</para>
	<variablelist>
		<varlistentry>
			<term>$g_path</term>
			<listitem>
				<para>URL to your installation as seen from the web browser; this
					is what you type into the URL field. Requires trailing '/'
					character. eg. 'http://www.example.com/mantisbt/'.  In the following example
					https protocol is used: eg. 'https://www.example.com/mantisbt/'.  MantisBT will default this to
					the correct value. However, in some cases it might be necessary to
					override the default.  This is typically needed when an installation can be
					accessed by multiple URLs (internal vs external).
				</para>
			</listitem>
		</varlistentry>
		<varlistentry>
			<term>$g_short_path</term>
			<listitem>
				<para>Short web path without the domain name.  This requires the trailing '/'.
				</para>
			</listitem>
		</varlistentry>
		<varlistentry>
			<term>$g_absolute_path</term>
			<listitem>
				<para>This is the absolute file system path to the MantisBT installation, it is
					defaulted to the directory where config_defaults_inc.php resides.
					Requires trailing '/' character (eg. '/usr/apache/htdocs/mantisbt/').
				</para>
			</listitem>
		</varlistentry>
		<varlistentry>
			<term>$g_core_path</term>
			<listitem>
				<para>This is the path to the core directory of your installation.
					The default value is usually OK but it is recommended
					that you move the 'core' directory out of your webroot.
					Requires trailing DIRECTORY_SEPARATOR character.
				</para>
			</listitem>
		</varlistentry>
		<varlistentry>
			<term>$g_class_path</term>
			<listitem>
				<para>This is the path to the classes directory which is a sub-directory of core by default.
					The default value is typically OK.  Requires trailing DIRECTORY_SEPARATOR.
					character.
				</para>
			</listitem>
		</varlistentry>
		<varlistentry>
			<term>$g_library_path</term>
			<listitem>
				<para>This is the path to the library directory of your installation.
					The default value is usually OK but it is recommended
					that you move the 'library' directory out of your webroot.
					Requires trailing DIRECTORY_SEPARATOR character.
				</para>
			</listitem>
		</varlistentry>
		<varlistentry>
			<term>$g_language_path</term>
			<listitem>
				<para>This is the path to the language directory of your installation.
					The default value is usually OK but it is recommended
					that you move the 'language' directory out of your webroot.
					Requires trailing DIRECTORY_SEPARATOR character.
				</para>
			</listitem>
		</varlistentry>
		<varlistentry>
			<term>$g_manual_url</term>
			<listitem>
				<para>This is the url to the MantisBT online manual.  Requires trailing '/' character.
				</para>
			</listitem>
		</varlistentry>
	</variablelist>
</section>
