<?xml version="1.0" encoding="UTF-8"?>
<!DOCTYPE section PUBLIC "-//OASIS//DTD DocBook XML V4.5//EN" "http://www.oasis-open.org/docbook/xml/4.5/docbookx.dtd" [
 <!ENTITY % BOOK_ENTITIES SYSTEM "Admin_Guide.ent">
]>
<section id="admin.config.subprojects">
	<title>Sub-Projects</title>

	<variablelist>
		<varlistentry>
			<term>$g_subprojects_enabled</term>
			<listitem>
				<para>
					Whether sub-projects feature should be enabled.  Before turning this flag OFF,
					make sure all sub-projects are moved to top level projects, otherwise
					they won't be accessible.  The default value is ON.
				</para>
			</listitem>
		</varlistentry>
		<varlistentry>
			<term>$g_subprojects_inherit_versions</term>
			<listitem>
				<para>
					Whether sub-projects should inherit versions from parent projects.  For project X which
					is a sub-project of A and B, it will have versions from X, A and B.  The default value is ON.
				</para>
			</listitem>
		</varlistentry>
		<varlistentry>
			<term>$g_subprojects_inherit_categories</term>
			<listitem>
				<para>
					Whether sub-projects should inherit categories from parent projects.  For project X which
					is a sub-project of A and B, it will have categories from X, A and B.  The default value is ON.
				</para>
			</listitem>
		</varlistentry>
	</variablelist>
</section>
