<?xml version="1.0" encoding="UTF-8"?>
<!DOCTYPE section PUBLIC "-//OASIS//DTD DocBook XML V4.5//EN" "http://www.oasis-open.org/docbook/xml/4.5/docbookx.dtd" [
 <!ENTITY % BOOK_ENTITIES SYSTEM "Admin_Guide.ent">
]>
<section id="admin.config.timezone">
	<title>Time Zone</title>

	<variablelist>
		<varlistentry>
			<term>$g_default_timezone</term>
			<listitem>
				<para>Default timezone to use in MantisBT.
					This configuration is normally initialized when
					installing Mantis.
					It should be set to one of the values specified in the
					<ulink url="http://php.net/timezones">
						List of Supported Timezones</ulink>.
				</para>
				<para>If this config is left blank, the timezone
					will be initialized by calling function
					<ulink url="http://php.net/date-default-timezone-get">
						date_default_timezone_get()</ulink>,
					which will fall back to <emphasis>UTC</emphasis>
					if unable to determine the timezone.
				</para>
				<para>Correct configuration of this variable can be confirmed
					by running the administration checks.
					Users can override the default timezone under user
					their preferences.
				</para>
				<note><para>Note that this function's behavior was modified in
					PHP 5.4.0.
				</para></note>
			</listitem>
		</varlistentry>
	</variablelist>
</section>
