<?xml version='1.0' encoding='utf-8' ?>
<!DOCTYPE chapter PUBLIC "-//OASIS//DTD DocBook XML V4.5//EN" "http://www.oasis-open.org/docbook/xml/4.5/docbookx.dtd" [
<!ENTITY % BOOK_ENTITIES SYSTEM "Developers_Guide.ent">
%BOOK_ENTITIES;
]>
<chapter id="dev.appendix">
	<title>Appendix</title>

	<section id="dev.appendix.git">
		<title>Git References</title>

		<itemizedlist>

			<listitem><para>
				The <ulink url="http://git-scm.com/documentation/">Git SCM web site</ulink>
				offers a full reference of Git commands, as well Scott Chacon's
				excellent <emphasis>Pro Git</emphasis> book.
			</para></listitem>

			<listitem><para>
				<ulink url="http://gitref.org/">Github's Git Reference</ulink>
			</para></listitem>

			<listitem>
				<para>Official documentation (from kernel.org)</para>

				<itemizedlist>
					<listitem><para>
						<ulink url="http://www.kernel.org/pub/software/scm/git/docs/">
							Manual Page</ulink>
					</para></listitem>
					<listitem><para>
						<ulink url="http://www.kernel.org/pub/software/scm/git/docs/gittutorial.html">
							Tutorial</ulink>
					</para></listitem>
					<listitem><para>
						<ulink url="http://www.kernel.org/pub/software/scm/git/docs/everyday.html">
							Everyday Git With 20 Commands</ulink>
					</para></listitem>
				</itemizedlist>
			</listitem>

			<listitem><para>
				<ulink url="https://git.wiki.kernel.org/index.php/GitSvnCrashCourse">Git Crash Course for SVN Users</ulink>
			</para></listitem>

			<listitem><para>
				<ulink url="http://ftp.newartisans.com/pub/git.from.bottom.up.pdf">Git From the Bottom Up</ulink> (PDF)
			</para></listitem>

		</itemizedlist>
	</section>
</chapter>
