<?xml version='1.0' encoding='utf-8' ?>
<!DOCTYPE book PUBLIC "-//OASIS//DTD DocBook XML V4.5//EN" "http://www.oasis-open.org/docbook/xml/4.5/docbookx.dtd" [
<!ENTITY % BOOK_ENTITIES SYSTEM "Developers_Guide.ent">
%BOOK_ENTITIES;
]>
<book>
	<xi:include href="Book_Info.xml" xmlns:xi="http://www.w3.org/2001/XInclude" />
        <!-- TODO Add common preface stuff, possibly adapting the default one
        <xi:include href="Preface.xml" xmlns:xi="http://www.w3.org/2001/XInclude" />
        -->
	<xi:include href="Contributors.xml" xmlns:xi="http://www.w3.org/2001/XInclude" />
	<xi:include href="Database.xml" xmlns:xi="http://www.w3.org/2001/XInclude" />
	<xi:include href="Events.xml" xmlns:xi="http://www.w3.org/2001/XInclude" />
	<xi:include href="Plugins.xml" xmlns:xi="http://www.w3.org/2001/XInclude" />
	<xi:include href="Events_Reference.xml" xmlns:xi="http://www.w3.org/2001/XInclude" />
	<xi:include href="Integrating.xml" xmlns:xi="http://www.w3.org/2001/XInclude" />
	<xi:include href="Appendix.xml" xmlns:xi="http://www.w3.org/2001/XInclude" />
	<xi:include href="Revision_History.xml" xmlns:xi="http://www.w3.org/2001/XInclude" />
</book>
