<?xml version='1.0' encoding='utf-8' ?>
<!DOCTYPE section PUBLIC "-//OASIS//DTD DocBook XML V4.5//EN" "http://www.oasis-open.org/docbook/xml/4.5/docbookx.dtd" [
<!ENTITY % BOOK_ENTITIES SYSTEM "Developers_Guide.ent">
%BOOK_ENTITIES;
]>

<chapter id="integrators">
	<title>Integrating with MantisBT</title>

	<para>
		The primary means of integrating with MantisBT with web services is
		with the bundled SOAP API, which is accessible at

		<literal>http://server.com/mantis/api/soap/mantisconnect.php</literal>.
	</para>

	<section id="integrators.java">
		<title>Java integration</title>

		<section id="integrators.java.soap">
			<title>Prebuilt SOAP stubs using Axis</title>

			<para>
				For ease of integration of the Java clients, SOAP stubs are
				maintained and deployed in the
				<ulink url="http://maven.org/">Maven central repository</ulink>.
				For example:
			</para>

			<programlisting><![CDATA[
<dependency>
    <groupId>biz.futureware.mantis</groupId>
    <artifactId>mantis-axis-soap-client</artifactId>
    <version>1.2.15</version>
</dependency>]]>
</programlisting>

			<para>
				To include them in your project,
				<ulink url="http://search.maven.org/#search|ga|1|g%3A%22biz.futureware.mantis%22">
					download the latest available version</ulink>.
			</para>
		</section>

		<section id="integrators.java.osgi">
				<title>Usage in OSGi environments</title>
				<para>
					If you would like to use Axis in an OSGi environment, it
					is recommended that you use a ready-made bundle, such as
					the Axis bundle available from
					<ulink url="http://download.eclipse.org/tools/orbit/downloads/">
						Eclipse Orbit</ulink>
				</para>
		</section>
	</section>

	<section id="integrators.compatibility">
		<title>Compatibility between releases</title>

		<para>
			The SOAP API signature will change between minor releases,
			typically to add new functionality or to extend existing features.
		</para>

		<para>
			Some of these changes might require a refresh of the client
			libraries generated, for instance Apache Axis 1 SOAP stubs must
			be regenerated if a complex type receives a new property. Such
			changes will be announced before the release of the new MantisBT
			version on the
			<ulink url="http://lists.sourceforge.net/mailman/listinfo/mantisbt-soap-dev">
				mantisbt-soap-dev mailing list</ulink>.
			Typically there will be two weeks time to integrate the new SOAP stubs.
		</para>

	</section>

	<section id="integrators.support">
		<title>Support</title>

		<para>
			The primary means of obtaining support for Web Services and the
			SOAP API is through the

			<ulink url="http://lists.sourceforge.net/mailman/listinfo/mantisbt-soap-dev">
				mantisbt-soap-dev mailing list</ulink>.
		</para>
	</section>
</chapter>
