<?xml version='1.0' encoding='utf-8' ?>
<!DOCTYPE chapter PUBLIC "-//OASIS//DTD DocBook XML V4.5//EN" "http://www.oasis-open.org/docbook/xml/4.5/docbookx.dtd" [
<!ENTITY % BOOK_ENTITIES SYSTEM "Developers_Guide.ent">
%BOOK_ENTITIES;
]>
<chapter id="dev.plugins">
	<title>Plugin System</title>

	<section id="dev.plugins.concepts">
		<title>General Concepts</title>

		<para>
			The plugin system for MantisBT is designed as a lightweight extension to the
			standard MantisBT API, allowing for simple and flexible addition of new
			features and customization of core operations.  It takes advantage of the new
			Event System (see <xref linkend="dev.events" />) to offer developers rapid
			creation and testing of extensions, without the need to modify core files.
		</para>

		<para>
			Plugins are defined as implementations, or subclasses, of the
			<classname>MantisPlugin</classname> class as defined in
			<filename>core/classes/MantisPlugin.php</filename>.  Each plugin may define
			information about itself, as well as a list of conflicts and dependencies
			upon other plugins.  There are many methods defined in the
			<classname>MantisPlugin</classname> class that may be used as convenient
			places to define extra behaviors, such as configuration options, event
			declarations, event hooks, errors, and database schemas.  Outside a plugin's
			core class, there is a standard method of handling language strings, content
			pages, and files.
		</para>

		<para>
			At page load, the core MantisBT API will find and process any conforming
			plugins.  Plugins will be checked for minimal information, such as its name,
			version, and dependencies.  Plugins that meet requirements will then be
			initialized.  At this point, MantisBT will interact with the plugins when
			appropriate.
		</para>

		<para>
			The plugin system includes a special set of API functions that provide
			convenience wrappers around the more useful MantisBT API calls, including
			configuration, language strings, and link generation.  This API allows
			plugins to use core API's in "sandboxed" fashions to aid interoperation
			with other plugins, and simplification of common functionality.
		</para>
	</section>

	<xi:include href="Plugins_Building.xml" xmlns:xi="http://www.w3.org/2001/XInclude" />
	<xi:include href="Plugins_Building_Source.xml" xmlns:xi="http://www.w3.org/2001/XInclude" />

	<section id="dev.plugins.api">
		<title>API Usage</title>

		<para>
			This is a general overview of the plugin API.  For more detailed analysis,
			you may reference the file <filename>core/plugin_api.php</filename> in the
			codebase.
		</para>
	</section>
</chapter>
