<?xml version='1.0' encoding='utf-8' ?>
<!DOCTYPE book PUBLIC "-//OASIS//DTD DocBook XML V4.5//EN" "http://www.oasis-open.org/docbook/xml/4.5/docbookx.dtd" [
<!ENTITY % BOOK_ENTITIES SYSTEM "Admin_Guide.ent">
%BOOK_ENTITIES;
]>
<book>
	<xi:include href="Book_Info.xml" xmlns:xi="http://www.w3.org/2001/XInclude" />
	<!-- TODO Add common preface stuff, possibly adapting the default one
        <xi:include href="Preface.xml" xmlns:xi="http://www.w3.org/2001/XInclude" />
        -->
	<xi:include href="About.xml" xmlns:xi="http://www.w3.org/2001/XInclude" />
	<xi:include href="Installation.xml" xmlns:xi="http://www.w3.org/2001/XInclude" />
	<xi:include href="User_Management.xml" xmlns:xi="http://www.w3.org/2001/XInclude" />
	<xi:include href="Workflow.xml" xmlns:xi="http://www.w3.org/2001/XInclude" />
	<xi:include href="Configuration.xml" xmlns:xi="http://www.w3.org/2001/XInclude" />
	<xi:include href="Page_Descriptions.xml" xmlns:xi="http://www.w3.org/2001/XInclude" />
	<xi:include href="Customizing.xml" xmlns:xi="http://www.w3.org/2001/XInclude" />
	<xi:include href="Authentication.xml" xmlns:xi="http://www.w3.org/2001/XInclude" />
	<xi:include href="Troubleshooting.xml" xmlns:xi="http://www.w3.org/2001/XInclude" />
	<xi:include href="Project_Management.xml" xmlns:xi="http://www.w3.org/2001/XInclude" />
	<xi:include href="Contributing.xml" xmlns:xi="http://www.w3.org/2001/XInclude" />
	<xi:include href="Revision_History.xml" xmlns:xi="http://www.w3.org/2001/XInclude" />
</book>

