<?xml version='1.0' encoding='utf-8' ?>
<!DOCTYPE bookinfo PUBLIC "-//OASIS//DTD DocBook XML V4.5//EN" "http://www.oasis-open.org/docbook/xml/4.5/docbookx.dtd" [
<!ENTITY % BOOK_ENTITIES SYSTEM "Admin_Guide.ent">
%BOOK_ENTITIES;
]>
<bookinfo id="book-Admin_Guide-Admin_Guide">
	<title>Admin Guide</title>
	<subtitle>Reference for Administrators</subtitle>
	<productname>MantisBT</productname>
	<productnumber>2.0</productnumber>
	<abstract>
		<para>
			This book is targeted at MantisBT administrators, and documents the
			installation, upgrade, configuration, customization and administration
			tasks required to operate the software.
		</para>
	</abstract>
	<corpauthor>
		<inlinemediaobject>
			<imageobject>
				<imagedata fileref="./images/mantis_logo.png" format="PNG" />
			</imageobject>
		</inlinemediaobject>
	</corpauthor>
	<xi:include href="Common_Content/Legal_Notice.xml" xmlns:xi="http://www.w3.org/2001/XInclude" />
	<xi:include href="Author_Group.xml" xmlns:xi="http://www.w3.org/2001/XInclude" />
</bookinfo>

