<?xml version='1.0' encoding='utf-8' ?>
<!DOCTYPE appendix PUBLIC "-//OASIS//DTD DocBook XML V4.5//EN" "http://www.oasis-open.org/docbook/xml/4.5/docbookx.dtd" [
]>
<appendix id="appe-Admin_Guide-Revision_History">
	<title>Revision History</title>
	<simpara>
		<revhistory>
			<revision>
				<revnumber>2.16-0</revnumber>
				<date>Sun Jul 29 2018</date>
				<author>
					<firstname>Victor</firstname>
					<surname>Boctor</surname>
					<email>vboctor@mantisbt.org</email>
				</author>
				<revdescription>
					<simplelist>
						<member>Release 2.16.0</member>
					</simplelist>
				</revdescription>
			</revision>
			<revision>
				<revnumber>2.15-0</revnumber>
				<date>Tue Jun 5 2018</date>
				<author>
					<firstname>Victor</firstname>
					<surname>Boctor</surname>
					<email>vboctor@mantisbt.org</email>
				</author>
				<revdescription>
					<simplelist>
						<member>Release 2.15.0</member>
					</simplelist>
				</revdescription>
			</revision>
			<revision>
				<revnumber>2.14-0</revnumber>
				<date>Sun Apr 29 2018</date>
				<author>
					<firstname>Victor</firstname>
					<surname>Boctor</surname>
					<email>vboctor@mantisbt.org</email>
				</author>
				<revdescription>
					<simplelist>
						<member>Release 2.14.0</member>
					</simplelist>
				</revdescription>
			</revision>
			<revision>
				<revnumber>2.13-1</revnumber>
				<date>Wed Apr 4 2018</date>
				<author>
					<firstname>Victor</firstname>
					<surname>Boctor</surname>
					<email>vboctor@mantisbt.org</email>
				</author>
				<revdescription>
					<simplelist>
						<member>Release 2.13.1</member>
					</simplelist>
				</revdescription>
			</revision>
			<revision>
				<revnumber>2.13-0</revnumber>
				<date>Sun Apr 1 2018</date>
				<author>
					<firstname>Victor</firstname>
					<surname>Boctor</surname>
					<email>vboctor@mantisbt.org</email>
				</author>
				<revdescription>
					<simplelist>
						<member>Release 2.13.0</member>
					</simplelist>
				</revdescription>
			</revision>
			<revision>
				<revnumber>2.12-0</revnumber>
				<date>Sat Mar 3 2018</date>
				<author>
					<firstname>Victor</firstname>
					<surname>Boctor</surname>
					<email>vboctor@mantisbt.org</email>
				</author>
				<revdescription>
					<simplelist>
						<member>Release 2.12.0</member>
					</simplelist>
				</revdescription>
			</revision>
			<revision>
				<revnumber>2.11-0</revnumber>
				<date>Tue Feb 6 2018</date>
				<author>
					<firstname>Victor</firstname>
					<surname>Boctor</surname>
					<email>vboctor@mantisbt.org</email>
				</author>
				<revdescription>
					<simplelist>
						<member>Release 2.11.0</member>
					</simplelist>
				</revdescription>
			</revision>
			<revision>
				<revnumber>2.10-0</revnumber>
				<date>Sat Dec 30 2017</date>
				<author>
					<firstname>Victor</firstname>
					<surname>Boctor</surname>
					<email>vboctor@mantisbt.org</email>
				</author>
				<revdescription>
					<simplelist>
						<member>Release 2.10.0</member>
					</simplelist>
				</revdescription>
			</revision>
			<revision>
				<revnumber>2.9-0</revnumber>
				<date>Sun Dec 3 2017</date>
				<author>
					<firstname>Victor</firstname>
					<surname>Boctor</surname>
					<email>vboctor@mantisbt.org</email>
				</author>
				<revdescription>
					<simplelist>
						<member>Release 2.9.0</member>
					</simplelist>
				</revdescription>
			</revision>
			<revision>
				<revnumber>2.8-0</revnumber>
				<date>Sat Oct 28 2017</date>
				<author>
					<firstname>Victor</firstname>
					<surname>Boctor</surname>
					<email>vboctor@mantisbt.org</email>
				</author>
				<revdescription>
					<simplelist>
						<member>Release 2.8.0</member>
					</simplelist>
				</revdescription>
			</revision>
			<revision>
				<revnumber>2.7-0</revnumber>
				<date>Sun Oct 8 2017</date>
				<author>
					<firstname>Victor</firstname>
					<surname>Boctor</surname>
					<email>vboctor@mantisbt.org</email>
				</author>
				<revdescription>
					<simplelist>
						<member>Release 2.7.0</member>
					</simplelist>
				</revdescription>
			</revision>
			<revision>
				<revnumber>2.6-0</revnumber>
				<date>Sun Sep 3 2017</date>
				<author>
					<firstname>Victor</firstname>
					<surname>Boctor</surname>
					<email>vboctor@mantisbt.org</email>
				</author>
				<revdescription>
					<simplelist>
						<member>Release 2.6.0</member>
					</simplelist>
				</revdescription>
			</revision>
			<revision>
				<revnumber>2.5-1</revnumber>
				<date>Sat Jun 17 2017</date>
				<author>
					<firstname>Victor</firstname>
					<surname>Boctor</surname>
					<email>vboctor@mantisbt.org</email>
				</author>
				<revdescription>
					<simplelist>
						<member>Release 2.5.1</member>
					</simplelist>
				</revdescription>
			</revision>
			<revision>
				<revnumber>2.5-0</revnumber>
				<date>Sun Jun 4 2017</date>
				<author>
					<firstname>Victor</firstname>
					<surname>Boctor</surname>
					<email>vboctor@mantisbt.org</email>
				</author>
				<revdescription>
					<simplelist>
						<member>Release 2.5.0</member>
					</simplelist>
				</revdescription>
			</revision>
			<revision>
				<revnumber>2.4-1</revnumber>
				<date>Sat May 20 2017</date>
				<author>
					<firstname>Victor</firstname>
					<surname>Boctor</surname>
					<email>vboctor@mantisbt.org</email>
				</author>
				<revdescription>
					<simplelist>
						<member>Release 2.4.1</member>
					</simplelist>
				</revdescription>
			</revision>
			<revision>
				<revnumber>2.4-0</revnumber>
				<date>Sun Apr 30 2017</date>
				<author>
					<firstname>Victor</firstname>
					<surname>Boctor</surname>
					<email>vboctor@mantisbt.org</email>
				</author>
				<revdescription>
					<simplelist>
						<member>Release 2.4.0</member>
					</simplelist>
				</revdescription>
			</revision>
			<revision>
				<revnumber>2.3-3</revnumber>
				<date>Sun Apr 30 2017</date>
				<author>
					<firstname>Victor</firstname>
					<surname>Boctor</surname>
					<email>vboctor@mantisbt.org</email>
				</author>
				<revdescription>
					<simplelist>
						<member>Release 2.3.2</member>
					</simplelist>
				</revdescription>
			</revision>
			<revision>
				<revnumber>2.3-2</revnumber>
				<date>Sun Apr 17 2017</date>
				<author>
					<firstname>Victor</firstname>
					<surname>Boctor</surname>
					<email>vboctor@mantisbt.org</email>
				</author>
				<revdescription>
					<simplelist>
						<member>Release 2.3.1</member>
					</simplelist>
				</revdescription>
			</revision>
			<revision>
				<revnumber>2.3-1</revnumber>
				<date>Fri Mar 31 2017</date>
				<author>
					<firstname>Victor</firstname>
					<surname>Boctor</surname>
					<email>vboctor@mantisbt.org</email>
				</author>
				<revdescription>
					<simplelist>
						<member>Release 2.3.0</member>
					</simplelist>
				</revdescription>
			</revision>
			<revision>
				<revnumber>2.2-3</revnumber>
				<date>Wed Mar 22 2017</date>
				<author>
					<firstname>Damien</firstname>
					<surname>Regad</surname>
					<email>dregad@mantisbt.org</email>
				</author>
				<revdescription>
					<simplelist>
						<member>Release 2.2.2</member>
					</simplelist>
				</revdescription>
			</revision>
			<revision>
				<revnumber>2.2-2</revnumber>
				<date>Sun Mar 12 2017</date>
				<author>
					<firstname>Victor</firstname>
					<surname>Boctor</surname>
					<email>vboctor@mantisbt.org</email>
				</author>
				<revdescription>
					<simplelist>
						<member>Release 2.2.1</member>
					</simplelist>
				</revdescription>
			</revision>
			<revision>
				<revnumber>2.2-1</revnumber>
				<date>Sun Feb 26 2017</date>
				<author>
					<firstname>Victor</firstname>
					<surname>Boctor</surname>
					<email>vboctor@mantisbt.org</email>
				</author>
				<revdescription>
					<simplelist>
						<member>Release 2.2.0</member>
					</simplelist>
				</revdescription>
			</revision>
			<revision>
				<revnumber>2.1-2</revnumber>
				<date>Sun Feb 26 2017</date>
				<author>
					<firstname>Victor</firstname>
					<surname>Boctor</surname>
					<email>vboctor@mantisbt.org</email>
				</author>
				<revdescription>
					<simplelist>
						<member>Release 2.1.1</member>
					</simplelist>
				</revdescription>
			</revision>
			<revision>
				<revnumber>2.1-1</revnumber>
				<date>Tue Jan 31 2017</date>
				<author>
					<firstname>Victor</firstname>
					<surname>Boctor</surname>
					<email>vboctor@mantisbt.org</email>
				</author>
				<revdescription>
					<simplelist>
						<member>Release 2.1.0</member>
					</simplelist>
				</revdescription>
			</revision>
			<revision>
				<revnumber>2.0-2</revnumber>
				<date>Fri Dec 30 2016</date>
				<author>
					<firstname>Victor</firstname>
					<surname>Boctor</surname>
					<email>vboctor@mantisbt.org</email>
				</author>
				<revdescription>
					<simplelist>
						<member>Release 2.0.0</member>
					</simplelist>
				</revdescription>
			</revision>
			<revision>
				<revnumber>2.0-1</revnumber>
				<date>Sat Nov 26 2016</date>
				<author>
					<firstname>Damien</firstname>
					<surname>Regad</surname>
					<email>dregad@mantisbt.org</email>
				</author>
				<revdescription>
					<simplelist>
						<member>Release 2.0.0-rc.2</member>
					</simplelist>
				</revdescription>
			</revision>
		</revhistory>

	</simpara>
</appendix>

